<?xml version="1.0" encoding="UTF-8"?>
<project-private xmlns="http://www.netbeans.org/ns/project-private/1">
    <editor-bookmarks xmlns="http://www.netbeans.org/ns/editor-bookmarks/2" lastBookmarkId="0"/>
    <open-files xmlns="http://www.netbeans.org/ns/projectui-open-files/2">
        <group>
            <file>file:/D:/Sagar%20Projects/Final%20year%20student%20project/Project/100%25%20project/NEWSMININGOPERATOR/src/com/images/process/DocumentScanner.java</file>
            <file>file:/D:/Sagar%20Projects/Final%20year%20student%20project/Project/100%25%20project/NEWSMININGOPERATOR/src/calculation/multiplication.java</file>
            <file>file:/D:/Sagar%20Projects/Final%20year%20student%20project/Project/100%25%20project/NEWSMININGOPERATOR/src/com/images/process/AbstractElementIdentifier.java</file>
            <file>file:/D:/Sagar%20Projects/Final%20year%20student%20project/Project/100%25%20project/NEWSMININGOPERATOR/src/com/main/algos/KMeans.java</file>
            <file>file:/D:/Sagar%20Projects/Final%20year%20student%20project/Project/100%25%20project/NEWSMININGOPERATOR/script/script.sql</file>
            <file>file:/D:/Sagar%20Projects/Final%20year%20student%20project/Project/100%25%20project/NEWSMININGOPERATOR/src/calculation/substarction.java</file>
            <file>file:/D:/Sagar%20Projects/Final%20year%20student%20project/Project/100%25%20project/NEWSMININGOPERATOR/src/calculation/addition.java</file>
            <file>file:/D:/Sagar%20Projects/Final%20year%20student%20project/Project/100%25%20project/NEWSMININGOPERATOR/src/com/main/services/MySQLConnection.java</file>
        </group>
    </open-files>
</project-private>
